Age_band_of_driver,Sex_of_driver,Educational_level,Vehicle_driver_relation,Driving_experience,Lanes_or_Medians,Types_of_Junction,Road_surface_type,Light_conditions,Weather_conditions,Type_of_collision,Vehicle_movement,,Cause_of_accident,Accident_severity
Over 51,Male,Junior high school,Employee,1-2yr,Two-way (divided with broken lines road marking),Unknown,Gravel roads,Daylight,Normal,Vehicle with vehicle collision,Going straight,,No distancing,1
Over 51,Male,Junior high school,Employee,Above 10yr,Undivided Two way,Unknown,Asphalt roads,Daylight,Normal,Vehicle with vehicle collision,Unknown,,No distancing,2
Over 51,Female,Junior high school,Owner,Above 10yr,Two-way (divided with broken lines road marking),Unknown,Asphalt roads,Daylight,Normal,Vehicle with vehicle collision,Other,,No priority to pedestrian,2
18-30,Male,Junior high school,Employee,Above 10yr,Undivided Two way,Unknown,Asphalt roads,Daylight,Normal,Vehicle with vehicle collision,Getting off,,Driving carelessly,2
18-30,Male,Junior high school,Employee,No Licence,Two-way (divided with broken lines road marking),Unknown,Asphalt roads,Daylight,Raining,Vehicle with vehicle collision,Going straight,,Changing lane to the right,2
Under 18,Male,Junior high school,Employee,1-2yr,Undivided Two way,Unknown,Asphalt roads,Daylight,Normal,Vehicle with vehicle collision,Going straight,,Changing lane to the left,2
18-30,Male,Illiterate,Owner,1-2yr,One way,Unknown,Asphalt roads,Daylight,Normal,Vehicle with vehicle collision,Going straight,,Driving carelessly,2
31-50,Male,Junior high school,Owner,Below 1yr,Two-way (divided with broken lines road marking),Unknown,Asphalt roads,Daylight,Normal,Vehicle with vehicle collision,Other,,Driving carelessly,2
18-30,Male,Junior high school,Owner,1-2yr,Double carriageway (median),Unknown,Asphalt roads,Daylight,Normal,Collision with roadside objects,Going straight,,No distancing,1
18-30,Male,Junior high school,Owner,2-5yr,Undivided Two way,Unknown,Asphalt roads,Daylight,Normal,Vehicle with vehicle collision,Moving Backward,,Other,1
18-30,Male,Unknown,Owner,5-10yr,Undivided Two way,Unknown,Asphalt roads,Daylight,Normal,Collision with pedestrians,Other,,Changing lane to the right,2
31-50,Male,Unknown,Owner,Above 10yr,Undivided Two way,Unknown,Asphalt roads,Daylight,Normal,Vehicle with vehicle collision,Going straight,,Changing lane to the right,2
18-30,Male,Junior high school,Owner,2-5yr,other,Unknown,Asphalt roads,Daylight,Normal,Collision with roadside objects,Going straight,,No distancing,2
Over 51,Male,Elementary school,Owner,Above 10yr,Undivided Two way,Unknown,Asphalt roads,Daylight,Normal,Vehicle with vehicle collision,Going straight,,No distancing,2
Over 51,Female,Writing & reading,Owner,5-10yr,Undivided Two way,Unknown,Asphalt roads,Daylight,Normal,Vehicle with vehicle collision,Unknown,,Overturning,2
31-50,Male,Unknown,Owner,Unknown,Undivided Two way,Unknown,Asphalt roads,Daylight,Normal,Vehicle with vehicle collision,Going straight,,Driving at high speed,2
18-30,Male,Junior high school,Owner,5-10yr,Undivided Two way,Unknown,Asphalt roads,Daylight,Normal,Vehicle with vehicle collision,Going straight,,No priority to vehicle,2
18-30,Male,Junior high school,Owner,Below 1yr,Two-way (divided with broken lines road marking),Unknown,Asphalt roads,Daylight,Normal,Vehicle with vehicle collision,Going straight,,No priority to pedestrian,2
18-30,Male,Junior high school,Owner,2-5yr,Two-way (divided with broken lines road marking),Unknown,Asphalt roads,Daylight,Normal,Rollover,Going straight,,No priority to vehicle,2
18-30,Male,Elementary school,Employee,2-5yr,Two-way (divided with broken lines road marking),Unknown,Asphalt roads,Darkness - lights lit,Normal,Collision with roadside objects,Going straight,,Other,2
31-50,Male,Junior high school,Employee,2-5yr,One way,Unknown,Asphalt roads,Daylight,Normal,Vehicle with vehicle collision,Going straight,,Other,2
31-50,Male,Junior high school,Employee,2-5yr,Two-way (divided with broken lines road marking),Unknown,Asphalt roads,Daylight,Normal,Vehicle with vehicle collision,Going straight,,Moving Backward,2
Over 51,Male,Junior high school,Employee,5-10yr,Undivided Two way,Unknown,Asphalt roads,Daylight,Normal,Collision with roadside objects,Going straight,,No distancing,2
31-50,Male,Junior high school,Employee,5-10yr,Unknown,Unknown,Asphalt roads,Daylight,Normal,Vehicle with vehicle collision,Going straight,,Moving Backward,2
31-50,Male,Junior high school,Employee,Above 10yr,Undivided Two way,Unknown,Asphalt roads,Daylight,Normal,Vehicle with vehicle collision,Going straight,,No priority to vehicle,2
Under 18,Male,Elementary school,Employee,5-10yr,Undivided Two way,Unknown,Earth roads,Darkness - lights lit,Normal,Vehicle with vehicle collision,Going straight,,Driving carelessly,2
31-50,Male,Junior high school,Employee,5-10yr,other,Unknown,Asphalt roads,Darkness - lights lit,Normal,Vehicle with vehicle collision,Unknown,,No distancing,2
Under 18,Male,Junior high school,Employee,Above 10yr,One way,Unknown,Unknown,Darkness - lights lit,Normal,Vehicle with vehicle collision,Going straight,,Other,2
18-30,Male,Elementary school,Owner,Unknown,Two-way (divided with broken lines road marking),Unknown,Unknown,Daylight,Normal,Vehicle with vehicle collision,Going straight,,Changing lane to the right,2
18-30,Male,Junior high school,Owner,5-10yr,Two-way (divided with broken lines road marking),Unknown,Asphalt roads,Daylight,Normal,Collision with pedestrians,Going straight,,No distancing,2
31-50,Male,Junior high school,Employee,5-10yr,Undivided Two way,Unknown,Earth roads,Daylight,Normal,Vehicle with vehicle collision,Going straight,,Driving carelessly,2
Under 18,Male,Junior high school,Employee,Below 1yr,Two-way (divided with broken lines road marking),Unknown,Asphalt roads,Daylight,Normal,Collision with roadside objects,Turnover,,No distancing,2
Over 51,Male,Unknown,Unknown,Unknown,Two-way (divided with broken lines road marking),Unknown,Asphalt roads,Daylight,Normal,Vehicle with vehicle collision,Moving Backward,,No priority to vehicle,1
31-50,Male,Junior high school,Employee,5-10yr,One way,Unknown,Earth roads,Darkness - lights lit,Normal,Vehicle with vehicle collision,Going straight,,Changing lane to the right,1
Under 18,Male,Junior high school,Employee,5-10yr,Two-way (divided with broken lines road marking),Unknown,Asphalt roads,Daylight,Normal,Vehicle with vehicle collision,Going straight,,No priority to pedestrian,1
18-30,Male,Junior high school,Employee,Above 10yr,One way,Unknown,Asphalt roads,Daylight,Normal,Vehicle with vehicle collision,Moving Backward,,No priority to vehicle,1
18-30,Female,High school,Employee,Above 10yr,Two-way (divided with broken lines road marking),Unknown,Asphalt roads,Daylight,Normal,Vehicle with vehicle collision,Going straight,,Changing lane to the left,2
Over 51,Male,Junior high school,Employee,Above 10yr,Two-way (divided with broken lines road marking),Unknown,Asphalt roads,Daylight,Normal,Vehicle with vehicle collision,Moving Backward,,Turnover,2
31-50,Male,Junior high school,Employee,Above 10yr,Undivided Two way,Unknown,Asphalt roads,Daylight,Normal,Vehicle with vehicle collision,Going straight,,Driving to the left,2
Over 51,Male,Junior high school,Employee,Above 10yr,Two-way (divided with broken lines road marking),Unknown,Asphalt roads,Daylight,Normal,Vehicle with vehicle collision,Going straight,,Driving carelessly,2
Under 18,Female,Junior high school,Employee,Above 10yr,Two-way (divided with broken lines road marking),Unknown,Asphalt roads,Daylight,Normal,Vehicle with vehicle collision,Going straight,,Driving to the left,1
Over 51,Male,Junior high school,Employee,5-10yr,Undivided Two way,Unknown,Asphalt roads,Daylight,Normal,Collision with roadside objects,Other,,Driving carelessly,1
18-30,Male,Junior high school,Employee,2-5yr,Two-way (divided with broken lines road marking),Unknown,Asphalt roads,Daylight,Normal,Vehicle with vehicle collision,Other,,No priority to pedestrian,1
18-30,Male,Junior high school,Employee,Below 1yr,Two-way (divided with broken lines road marking),Unknown,Asphalt roads,Daylight,Normal,Collision with roadside objects,Going straight,,Driving carelessly,1
31-50,Male,Junior high school,Employee,Below 1yr,other,Unknown,Asphalt roads,Daylight,Normal,Vehicle with vehicle collision,Reversing,,Changing lane to the right,1
18-30,Male,Junior high school,Employee,2-5yr,Two-way (divided with broken lines road marking),Unknown,Asphalt roads,Daylight,Normal,Vehicle with vehicle collision,Going straight,,Moving Backward,1
18-30,Male,Elementary school,Employee,Below 1yr,other,Unknown,Asphalt roads with some distress,Daylight,Normal,Unknown,Going straight,,Driving carelessly,1
31-50,Male,Junior high school,Employee,Below 1yr,Undivided Two way,Unknown,Asphalt roads,Daylight,Normal,Collision with pedestrians,Going straight,,Changing lane to the right,2
18-30,Male,Junior high school,Employee,Unknown,Two-way (divided with broken lines road marking),Unknown,Asphalt roads,Daylight,Normal,Vehicle with vehicle collision,Going straight,,Driving carelessly,2
18-30,Male,Unknown,Employee,5-10yr,Two-way (divided with broken lines road marking),Unknown,Asphalt roads,Daylight,Normal,Vehicle with vehicle collision,Moving Backward,,Driving carelessly,2
18-30,Male,Writing & reading,Employee,Below 1yr,other,Unknown,Asphalt roads,Daylight,Normal,Vehicle with vehicle collision,Going straight,,Driving carelessly,2
Over 51,Male,Junior high school,Employee,Below 1yr,other,Unknown,Asphalt roads,Daylight,Normal,Collision with pedestrians,Going straight,,Changing lane to the right,1
Over 51,Male,Junior high school,Employee,1-2yr,Two-way (divided with broken lines road marking),Unknown,Asphalt roads,Daylight,Normal,Collision with roadside objects,Going straight,,Changing lane to the right,1
31-50,Female,Elementary school,Employee,Above 10yr,Undivided Two way,Unknown,Asphalt roads,Daylight,Normal,Unknown,Going straight,,Driving carelessly,1
Unknown,Male,Elementary school,Employee,Above 10yr,Undivided Two way,Unknown,Asphalt roads,Daylight,Normal,Vehicle with vehicle collision,Going straight,,Overtaking,1
Unknown,Male,Elementary school,Employee,Below 1yr,Undivided Two way,Unknown,Asphalt roads,Daylight,Normal,Unknown,Moving Backward,,Changing lane to the right,2
31-50,Male,High school,Employee,2-5yr,Undivided Two way,Unknown,Asphalt roads,Daylight,Normal,Unknown,Going straight,,No distancing,2
Under 18,Male,Junior high school,Employee,2-5yr,Undivided Two way,Unknown,Asphalt roads,Daylight,Normal,Unknown,Going straight,,Other,2
18-30,Male,Above high school,Employee,Above 10yr,Undivided Two way,Unknown,Asphalt roads,Daylight,Normal,Vehicle with vehicle collision,Moving Backward,,Changing lane to the right,2
18-30,Male,Junior high school,Employee,2-5yr,Unknown,Unknown,Asphalt roads,Daylight,Normal,Vehicle with vehicle collision,Moving Backward,,Changing lane to the right,2
31-50,Male,Junior high school,Employee,2-5yr,Two-way (divided with broken lines road marking),Unknown,Asphalt roads,Daylight,Normal,Collision with roadside objects,Going straight,,Overtaking,2
31-50,Male,High school,Employee,1-2yr,Undivided Two way,Unknown,Asphalt roads,Daylight,Normal,Collision with roadside objects,Turnover,,Other,2
Over 51,Male,Junior high school,Employee,5-10yr,Two-way (divided with broken lines road marking),Unknown,Asphalt roads,Daylight,Normal,Vehicle with vehicle collision,Turnover,,Driving to the left,2
31-50,Male,Junior high school,Employee,Below 1yr,Two-way (divided with broken lines road marking),Unknown,Asphalt roads,Daylight,Normal,Vehicle with vehicle collision,Going straight,,Overtaking,2
18-30,Male,Junior high school,Employee,Below 1yr,One way,Unknown,Asphalt roads,Daylight,Normal,Vehicle with vehicle collision,Going straight,,No priority to vehicle,2
31-50,Male,Elementary school,Employee,Unknown,Undivided Two way,Unknown,Asphalt roads,Daylight,Normal,Vehicle with vehicle collision,Going straight,,Moving Backward,2
31-50,Male,Junior high school,Employee,Below 1yr,Undivided Two way,Unknown,Gravel roads,Daylight,Normal,Vehicle with vehicle collision,Going straight,,Other,2
31-50,Male,Junior high school,Employee,1-2yr,Two-way (divided with broken lines road marking),Unknown,Asphalt roads,Daylight,Normal,Rollover,Going straight,,No priority to vehicle,2
31-50,Male,Elementary school,Employee,2-5yr,One way,Unknown,Asphalt roads,Daylight,Normal,Vehicle with vehicle collision,Going straight,,No priority to pedestrian,1
Over 51,Male,High school,Employee,1-2yr,Undivided Two way,Unknown,Asphalt roads,Darkness - lights lit,Raining,Collision with roadside objects,Getting off,,Changing lane to the right,2
18-30,Male,Junior high school,Employee,5-10yr,One way,Unknown,Asphalt roads,Darkness - lights lit,Raining,Collision with pedestrians,Moving Backward,,Changing lane to the right,2
Under 18,Male,Junior high school,Employee,Below 1yr,Two-way (divided with broken lines road marking),Unknown,Asphalt roads,Darkness - lights lit,Raining,Vehicle with vehicle collision,Other,,Changing lane to the right,2
Unknown,Male,High school,Employee,Above 10yr,Two-way (divided with broken lines road marking),Unknown,Asphalt roads,Daylight,Normal,Vehicle with vehicle collision,Going straight,,Driving to the left,1
18-30,Male,Elementary school,Owner,5-10yr,Undivided Two way,Unknown,Asphalt roads,Daylight,Normal,Vehicle with vehicle collision,Going straight,,Changing lane to the left,1
Under 18,Male,Elementary school,Employee,Below 1yr,Two-way (divided with solid lines road marking),Unknown,Asphalt roads,Daylight,Normal,Vehicle with vehicle collision,Going straight,,Moving Backward,1
Unknown,Male,Junior high school,Employee,5-10yr,Undivided Two way,Unknown,Asphalt roads,Daylight,Normal,Vehicle with vehicle collision,Going straight,,Driving at high speed,1
18-30,Male,Elementary school,Owner,5-10yr,One way,Unknown,Asphalt roads,Daylight,Normal,Vehicle with vehicle collision,Going straight,,Moving Backward,1
18-30,Male,Junior high school,Employee,2-5yr,Two-way (divided with broken lines road marking),Unknown,Asphalt roads,Daylight,Normal,Vehicle with vehicle collision,Going straight,,No distancing,1
31-50,Male,Junior high school,Employee,Above 10yr,Undivided Two way,Unknown,Asphalt roads,Daylight,Normal,Collision with roadside objects,Going straight,,Other,2
18-30,Male,Junior high school,Employee,5-10yr,Two-way (divided with broken lines road marking),Unknown,Asphalt roads,Daylight,Normal,Rollover,Going straight,,No priority to vehicle,2
31-50,Male,High school,Employee,1-2yr,One way,Unknown,Asphalt roads,Daylight,Normal,Vehicle with vehicle collision,Going straight,,Changing lane to the right,2
18-30,Male,Elementary school,Employee,5-10yr,Undivided Two way,Unknown,Gravel roads,Daylight,Normal,Collision with pedestrians,Going straight,,Other,2
Over 51,Male,Elementary school,Employee,2-5yr,One way,Unknown,Asphalt roads,Daylight,Normal,Vehicle with vehicle collision,Going straight,,No distancing,2
Over 51,Male,Junior high school,Employee,Below 1yr,Undivided Two way,Unknown,Asphalt roads,Daylight,Normal,Vehicle with vehicle collision,Going straight,,Driving carelessly,1
Over 51,Male,Junior high school,Employee,Below 1yr,Undivided Two way,Unknown,Asphalt roads,Daylight,Other,Collision with pedestrians,Moving Backward,,No distancing,2
Over 51,Male,Junior high school,Employee,5-10yr,Undivided Two way,Unknown,Asphalt roads,Daylight,Other,Collision with pedestrians,Going straight,,Moving Backward,2
31-50,Female,Junior high school,Owner,5-10yr,One way,Unknown,Earth roads,Daylight,Normal,Vehicle with vehicle collision,Moving Backward,,No distancing,2
31-50,Female,Elementary school,Employee,1-2yr,other,Unknown,Asphalt roads,Daylight,Normal,Vehicle with vehicle collision,Moving Backward,,Moving Backward,2
31-50,Male,Junior high school,Employee,Unknown,Two-way (divided with broken lines road marking),Unknown,Asphalt roads,Daylight,Normal,Vehicle with vehicle collision,Going straight,,No priority to pedestrian,2
Unknown,Male,Elementary school,Employee,Above 10yr,Two-way (divided with broken lines road marking),Unknown,Unknown,Daylight,Normal,Vehicle with vehicle collision,Going straight,,Changing lane to the left,2
31-50,Male,Junior high school,Owner,1-2yr,Two-way (divided with broken lines road marking),Unknown,Gravel roads,Daylight,Normal,Vehicle with vehicle collision,Going straight,,No distancing,2
Under 18,Male,Unknown,Unknown,Unknown,Two-way (divided with broken lines road marking),Unknown,Asphalt roads,Daylight,Normal,Collision with roadside objects,Going straight,,Other,2
Over 51,Male,Junior high school,Employee,Above 10yr,Two-way (divided with broken lines road marking),Unknown,Unknown,Daylight,Normal,Vehicle with vehicle collision,Going straight,,No distancing,2
18-30,Female,Elementary school,Owner,2-5yr,Undivided Two way,Unknown,Asphalt roads,Daylight,Normal,Vehicle with vehicle collision,Going straight,,No priority to pedestrian,2
31-50,Male,Junior high school,Employee,5-10yr,Two-way (divided with broken lines road marking),Unknown,Earth roads,Darkness - lights lit,Normal,Vehicle with vehicle collision,Unknown,,Moving Backward,1
31-50,Male,Junior high school,Employee,Below 1yr,Two-way (divided with broken lines road marking),Unknown,Asphalt roads,Daylight,Normal,Vehicle with vehicle collision,Other,,No priority to pedestrian,2
31-50,Male,Junior high school,Employee,5-10yr,Undivided Two way,Unknown,Asphalt roads,Daylight,Normal,Vehicle with vehicle collision,Going straight,,No distancing,2
Over 51,Male,High school,Employee,Above 10yr,One way,Unknown,Asphalt roads,Daylight,Raining,Vehicle with vehicle collision,Unknown,,No priority to pedestrian,2
Over 51,Male,Junior high school,Employee,5-10yr,Undivided Two way,Unknown,Asphalt roads,Daylight,Raining,Vehicle with vehicle collision,Overtaking,,Driving carelessly,2
Unknown,Male,Elementary school,Employee,1-2yr,Two-way (divided with broken lines road marking),Unknown,Asphalt roads,Daylight,Raining,Vehicle with vehicle collision,Reversing,,Getting off the vehicle improperly,2
18-30,Male,Junior high school,Employee,Unknown,Two-way (divided with broken lines road marking),Unknown,Earth roads,Daylight,Raining,Vehicle with vehicle collision,Going straight,,Driving carelessly,2
Over 51,Male,Elementary school,Employee,1-2yr,Undivided Two way,Unknown,Asphalt roads,Daylight,Normal,Vehicle with vehicle collision,Other,,Changing lane to the left,2
18-30,Male,Junior high school,Owner,1-2yr,Two-way (divided with broken lines road marking),Unknown,Asphalt roads,Daylight,Normal,Vehicle with vehicle collision,Moving Backward,,No priority to vehicle,2
Under 18,Male,Above high school,Owner,1-2yr,Two-way (divided with broken lines road marking),Unknown,Asphalt roads,Daylight,Normal,Vehicle with vehicle collision,Going straight,,Changing lane to the right,2
18-30,Male,Junior high school,Owner,5-10yr,Undivided Two way,Unknown,Asphalt roads,Daylight,Normal,Vehicle with vehicle collision,Other,,Changing lane to the right,2
31-50,Male,Junior high school,Employee,5-10yr,Undivided Two way,Unknown,Asphalt roads,Daylight,Raining,Vehicle with vehicle collision,Moving Backward,,No distancing,2
18-30,Male,Elementary school,Employee,5-10yr,other,Unknown,Asphalt roads,Daylight,Normal,Vehicle with vehicle collision,Going straight,,No distancing,2
Under 18,Male,High school,Owner,Below 1yr,One way,Unknown,Asphalt roads,Daylight,Normal,Collision with roadside objects,Going straight,,Changing lane to the left,2
31-50,Male,Junior high school,Employee,Above 10yr,Two-way (divided with broken lines road marking),Unknown,Asphalt roads,Daylight,Normal,Vehicle with vehicle collision,Moving Backward,,Changing lane to the right,2
18-30,Male,Junior high school,Employee,5-10yr,Two-way (divided with broken lines road marking),Unknown,Asphalt roads,Daylight,Normal,Vehicle with vehicle collision,Going straight,,No priority to vehicle,2
18-30,Male,Junior high school,Employee,Below 1yr,Undivided Two way,Unknown,Asphalt roads,Daylight,Normal,Vehicle with vehicle collision,Getting off,,Changing lane to the left,2
31-50,Male,Junior high school,Employee,Above 10yr,Two-way (divided with broken lines road marking),Unknown,Asphalt roads,Daylight,Normal,Vehicle with vehicle collision,Going straight,,No priority to vehicle,2
18-30,Male,Junior high school,Employee,5-10yr,Two-way (divided with broken lines road marking),Unknown,Earth roads,Daylight,Raining,Collision with pedestrians,Going straight,,Moving Backward,2
18-30,Male,Junior high school,Owner,Above 10yr,One way,Unknown,Asphalt roads,Daylight,Raining,Vehicle with vehicle collision,Moving Backward,,Turnover,2
31-50,Male,Junior high school,Employee,5-10yr,Two-way (divided with broken lines road marking),Unknown,Asphalt roads,Daylight,Raining,Vehicle with vehicle collision,Going straight,,No distancing,2
Unknown,Male,Junior high school,Employee,1-2yr,One way,Unknown,Asphalt roads,Daylight,Raining,Vehicle with vehicle collision,Going straight,,No distancing,2
Over 51,Male,Junior high school,Employee,1-2yr,Two-way (divided with broken lines road marking),Unknown,Asphalt roads,Daylight,Raining,Vehicle with vehicle collision,Going straight,,No distancing,2
18-30,Male,Junior high school,Employee,1-2yr,Two-way (divided with broken lines road marking),Unknown,Other,Daylight,Normal,Vehicle with vehicle collision,Going straight,,Changing lane to the left,2
31-50,Male,High school,Employee,2-5yr,Undivided Two way,Unknown,Gravel roads,Daylight,Normal,Vehicle with vehicle collision,Going straight,,No priority to vehicle,2
18-30,Male,High school,Owner,Above 10yr,Two-way (divided with broken lines road marking),Unknown,Gravel roads,Daylight,Normal,Vehicle with vehicle collision,Moving Backward,,Driving at high speed,1
18-30,Unknown,Elementary school,Employee,2-5yr,Two-way (divided with broken lines road marking),Unknown,Asphalt roads,Daylight,Normal,Vehicle with vehicle collision,Going straight,,Overtaking,2
18-30,Male,Junior high school,Employee,Above 10yr,Undivided Two way,Unknown,Asphalt roads,Daylight,Normal,Collision with pedestrians,Going straight,,Other,2
Under 18,Female,High school,Employee,2-5yr,Two-way (divided with broken lines road marking),Unknown,Earth roads,Darkness - lights lit,Windy,Vehicle with vehicle collision,Moving Backward,,Changing lane to the left,1
18-30,Male,Junior high school,Other,No Licence,Two-way (divided with broken lines road marking),Unknown,Asphalt roads,Daylight,Normal,Vehicle with vehicle collision,Moving Backward,,No priority to pedestrian,2
31-50,Male,Junior high school,Employee,1-2yr,other,Unknown,Asphalt roads,Daylight,Normal,Vehicle with vehicle collision,Going straight,,Changing lane to the left,2
31-50,Male,Junior high school,Owner,5-10yr,Two-way (divided with broken lines road marking),Unknown,Asphalt roads,Darkness - lights lit,Normal,Vehicle with vehicle collision,Going straight,,No distancing,2
31-50,Male,Junior high school,Employee,1-2yr,other,Unknown,Asphalt roads,Darkness - lights lit,Normal,Collision with roadside objects,Going straight,,Moving Backward,2
18-30,Male,Junior high school,Employee,Above 10yr,Undivided Two way,Unknown,Earth roads,Daylight,Normal,Vehicle with vehicle collision,Going straight,,Changing lane to the left,2
18-30,Male,Junior high school,Employee,1-2yr,Two-way (divided with broken lines road marking),Unknown,Asphalt roads,Daylight,Normal,Vehicle with vehicle collision,Going straight,,Other,2
31-50,Male,Junior high school,Employee,1-2yr,Two-way (divided with broken lines road marking),Unknown,Asphalt roads,Daylight,Normal,Vehicle with vehicle collision,Going straight,,No distancing,2
31-50,Male,Junior high school,Employee,2-5yr,other,Unknown,Asphalt roads,Daylight,Normal,Vehicle with vehicle collision,Going straight,,Moving Backward,2
18-30,Male,High school,Employee,1-2yr,other,Unknown,Asphalt roads,Daylight,Normal,Vehicle with vehicle collision,Going straight,,No distancing,2
Over 51,Female,Junior high school,Employee,1-2yr,Two-way (divided with broken lines road marking),Unknown,Asphalt roads,Daylight,Raining,Vehicle with vehicle collision,Going straight,,Changing lane to the left,2
31-50,Male,Elementary school,Employee,Above 10yr,Undivided Two way,Unknown,Asphalt roads,Daylight,Raining,Vehicle with vehicle collision,Going straight,,Changing lane to the left,2
18-30,Male,Junior high school,Employee,Above 10yr,Undivided Two way,Unknown,Asphalt roads,Daylight,Raining,Collision with roadside objects,Other,,No priority to pedestrian,2
18-30,Male,Elementary school,Employee,Above 10yr,Undivided Two way,Unknown,Asphalt roads,Daylight,Raining,Vehicle with vehicle collision,Going straight,,Changing lane to the left,2
Over 51,Male,Junior high school,Employee,Above 10yr,Undivided Two way,Unknown,Asphalt roads,Daylight,Raining,Vehicle with vehicle collision,Reversing,,Driving carelessly,2
Over 51,Male,Junior high school,Employee,1-2yr,Undivided Two way,Unknown,Asphalt roads,Daylight,Raining,Vehicle with vehicle collision,Going straight,,Driving carelessly,2
Over 51,Male,Junior high school,Employee,5-10yr,Undivided Two way,Unknown,Earth roads,Daylight,Raining,Vehicle with vehicle collision,Reversing,,No priority to pedestrian,2
18-30,Male,High school,Owner,2-5yr,Unknown,Unknown,Asphalt roads,Daylight,Raining,Rollover,Going straight,,Getting off the vehicle improperly,2
18-30,Male,Junior high school,Employee,2-5yr,Two-way (divided with broken lines road marking),Unknown,Asphalt roads,Daylight,Normal,Vehicle with vehicle collision,Reversing,,No distancing,2
18-30,Male,Junior high school,Employee,5-10yr,Undivided Two way,Unknown,Asphalt roads,Daylight,Normal,Vehicle with vehicle collision,Unknown,,Changing lane to the left,2
18-30,Male,Junior high school,Employee,5-10yr,Two-way (divided with broken lines road marking),Unknown,Asphalt roads,Daylight,Normal,Collision with roadside objects,Going straight,,No priority to vehicle,2
31-50,Male,Junior high school,Employee,2-5yr,Two-way (divided with broken lines road marking),Unknown,Earth roads,Daylight,Normal,Vehicle with vehicle collision,Reversing,,No distancing,1
18-30,Male,High school,Employee,Above 10yr,One way,Unknown,Asphalt roads,Daylight,Normal,Vehicle with vehicle collision,Other,,No priority to pedestrian,1
Over 51,Male,Elementary school,Employee,5-10yr,Undivided Two way,Unknown,Asphalt roads,Daylight,Normal,Vehicle with vehicle collision,Going straight,,No priority to pedestrian,2
31-50,Male,Junior high school,Employee,Above 10yr,Undivided Two way,Unknown,Asphalt roads,Daylight,Normal,Collision with roadside objects,Going straight,,No priority to vehicle,2
31-50,Male,Writing & reading,Employee,2-5yr,Two-way (divided with broken lines road marking),Unknown,Asphalt roads,Daylight,Normal,Collision with roadside objects,Going straight,,Driving carelessly,2
18-30,Male,Junior high school,Employee,2-5yr,One way,Unknown,Asphalt roads,Daylight,Normal,Vehicle with vehicle collision,Moving Backward,,Changing lane to the right,2
18-30,Male,High school,Employee,2-5yr,Undivided Two way,Unknown,Asphalt roads,Daylight,Normal,Vehicle with vehicle collision,Going straight,,Changing lane to the left,2
18-30,Male,Junior high school,Employee,1-2yr,One way,Unknown,Asphalt roads,Daylight,Normal,Collision with roadside objects,Going straight,,Moving Backward,2
Over 51,Male,High school,Employee,5-10yr,Two-way (divided with broken lines road marking),Unknown,Asphalt roads,Darkness - lights lit,Normal,Collision with roadside objects,Going straight,,Driving carelessly,1
18-30,Male,Elementary school,Employee,2-5yr,Two-way (divided with broken lines road marking),Unknown,Other,Daylight,Normal,Vehicle with vehicle collision,Going straight,,Driving to the left,2
18-30,Male,Junior high school,Employee,1-2yr,Undivided Two way,Unknown,Asphalt roads,Daylight,Normal,Vehicle with vehicle collision,Other,,Driving to the left,2
31-50,Male,Elementary school,Employee,1-2yr,Two-way (divided with solid lines road marking),Unknown,Asphalt roads,Daylight,Normal,Vehicle with vehicle collision,Unknown,,No priority to pedestrian,2
31-50,Male,High school,Employee,No Licence,Undivided Two way,Unknown,Asphalt roads,Daylight,Normal,Collision with roadside objects,Going straight,,Changing lane to the left,1
31-50,Male,Junior high school,Owner,5-10yr,One way,Unknown,Asphalt roads,Daylight,Normal,Vehicle with vehicle collision,Turnover,,Changing lane to the right,1
Over 51,Female,Junior high school,Employee,1-2yr,Two-way (divided with broken lines road marking),Unknown,Asphalt roads,Daylight,Normal,Collision with roadside-parked vehicles,Going straight,,Driving carelessly,1
Over 51,Female,Junior high school,Employee,2-5yr,Undivided Two way,Unknown,Asphalt roads,Daylight,Normal,Vehicle with vehicle collision,Moving Backward,,No distancing,2
31-50,Female,Junior high school,Employee,5-10yr,Two-way (divided with broken lines road marking),Unknown,Asphalt roads,Daylight,Normal,Collision with roadside objects,Moving Backward,,Getting off the vehicle improperly,2
31-50,Male,Unknown,Unknown,Unknown,One way,Unknown,Earth roads,Daylight,Normal,Vehicle with vehicle collision,Going straight,,Driving under the influence of drugs,2
Over 51,Male,Unknown,Unknown,Unknown,Undivided Two way,Unknown,Asphalt roads,Daylight,Normal,Vehicle with vehicle collision,Other,,Changing lane to the right,2
31-50,Male,Junior high school,Employee,2-5yr,One way,Unknown,Asphalt roads,Daylight,Normal,Vehicle with vehicle collision,Going straight,,Driving carelessly,2
Over 51,Male,Junior high school,Employee,Above 10yr,Undivided Two way,Unknown,Asphalt roads,Daylight,Normal,Vehicle with vehicle collision,Going straight,,Moving Backward,2
31-50,Male,Junior high school,Owner,Above 10yr,Undivided Two way,Unknown,Asphalt roads,Daylight,Normal,Vehicle with vehicle collision,Going straight,,Turnover,2
18-30,Male,Unknown,Unknown,Unknown,Undivided Two way,Unknown,Asphalt roads,Daylight,Normal,Collision with roadside-parked vehicles,Going straight,,Changing lane to the right,2
31-50,Male,Elementary school,Owner,Above 10yr,Two-way (divided with broken lines road marking),Unknown,Asphalt roads,Daylight,Normal,Collision with roadside-parked vehicles,Going straight,,Driving carelessly,2
31-50,Male,Unknown,Unknown,Unknown,Undivided Two way,Unknown,Asphalt roads,Daylight,Normal,Collision with animals,Going straight,,No priority to vehicle,2