Age_band_of_driver,Sex_of_driver,Educational_level,Vehicle_driver_relation,Driving_experience,Lanes_or_Medians,Types_of_Junction,Road_surface_type,Light_conditions,Weather_conditions,Type_of_collision,Vehicle_movement,,Cause_of_accident,Accident_severity
18-30,Male,Junior high school,Owner,5-10yr,Two-way (divided with broken lines road marking),Unknown,Asphalt roads,Darkness - lights lit,Normal,Collision with animals,Going straight,,Moving Backward,2
31-50,Male,Junior high school,Owner,Above 10yr,Undivided Two way,Unknown,Asphalt roads,Darkness - lights lit,Normal,Collision with animals,Going straight,,Changing lane to the left,2
31-50,Female,High school,Owner,Above 10yr,Two-way (divided with broken lines road marking),Unknown,Asphalt roads,Darkness - lights lit,Normal,Collision with animals,Other,,Overturning,2
18-30,Male,Unknown,Unknown,Unknown,Two-way (divided with broken lines road marking),Unknown,Asphalt roads,Darkness - lights lit,Normal,Collision with animals,Going straight,,No distancing,2
18-30,Male,Elementary school,Employee,5-10yr,Two-way (divided with broken lines road marking),Unknown,Asphalt roads,Darkness - lights lit,Normal,Collision with animals,Overtaking,,Driving carelessly,2
Over 51,Male,Elementary school,Owner,Above 10yr,Undivided Two way,Unknown,Asphalt roads,Darkness - lights lit,Normal,Collision with animals,Going straight,,No distancing,2
Over 51,Male,Junior high school,Owner,Below 1yr,Undivided Two way,Unknown,Asphalt roads,Daylight,Normal,Collision with animals,Going straight,,Changing lane to the left,2
Over 51,Male,Junior high school,Owner,2-5yr,Undivided Two way,Unknown,Asphalt roads,Daylight,Normal,Collision with animals,Going straight,,No priority to pedestrian,2
31-50,Male,Junior high school,Owner,2-5yr,other,Unknown,Earth roads,Daylight,Normal,Collision with animals,U-Turn,,No distancing,2
31-50,Male,High school,Owner,5-10yr,Undivided Two way,Unknown,Asphalt roads,Daylight,Normal,Collision with animals,Going straight,,No distancing,1
31-50,Male,Junior high school,Owner,Unknown,Two-way (divided with solid lines road marking),Unknown,Unknown,Daylight,Normal,Collision with animals,Going straight,,Changing lane to the left,1
Under 18,Male,Unknown,Owner,Below 1yr,Two-way (divided with solid lines road marking),Unknown,Asphalt roads,Daylight,Normal,Other,Going straight,,No distancing,2
18-30,Male,Elementary school,Owner,Above 10yr,Two-way (divided with solid lines road marking),Unknown,Asphalt roads,Daylight,Normal,Rollover,Going straight,,Changing lane to the left,2
31-50,Male,Elementary school,Owner,Below 1yr,Two-way (divided with solid lines road marking),Unknown,Asphalt roads,Daylight,Normal,Collision with animals,Turnover,,No distancing,2
31-50,Male,Junior high school,Owner,5-10yr,Two-way (divided with broken lines road marking),Unknown,Asphalt roads,Daylight,Normal,Rollover,Going straight,,No distancing,2
Over 51,Male,Junior high school,Owner,5-10yr,Undivided Two way,Unknown,Asphalt roads,Daylight,Normal,Collision with animals,Going straight,,No distancing,2
31-50,Male,Unknown,Owner,Unknown,Undivided Two way,Unknown,Asphalt roads,Daylight,Normal,Collision with animals,Moving Backward,,Changing lane to the left,2
31-50,Male,Junior high school,Employee,1-2yr,other,Unknown,Asphalt roads,Daylight,Normal,Vehicle with vehicle collision,Going straight,,Changing lane to the right,2
Over 51,Male,High school,Owner,5-10yr,Undivided Two way,Unknown,Asphalt roads,Daylight,Normal,Fall from vehicles,Moving Backward,,Moving Backward,2
31-50,Male,Junior high school,Employee,5-10yr,Two-way (divided with broken lines road marking),Unknown,Asphalt roads,Daylight,Normal,Collision with roadside-parked vehicles,Going straight,,Changing lane to the right,2
Over 51,Female,Junior high school,Employee,5-10yr,Undivided Two way,Unknown,Gravel roads,Daylight,Normal,Collision with roadside-parked vehicles,Going straight,,No distancing,2
31-50,Male,Junior high school,Employee,5-10yr,Undivided Two way,Unknown,Asphalt roads,Daylight,Normal,Rollover,Going straight,,Overtaking,2
Over 51,Male,Junior high school,Employee,Above 10yr,One way,Unknown,Asphalt roads,Daylight,Normal,Collision with animals,Going straight,,Other,1
18-30,Male,Junior high school,Employee,5-10yr,Two-way (divided with broken lines road marking),Unknown,Asphalt roads,Darkness - lights lit,Normal,Collision with animals,U-Turn,,Other,2
31-50,Male,Junior high school,Employee,No Licence,Undivided Two way,Unknown,Asphalt roads,Darkness - lights lit,Normal,Fall from vehicles,Going straight,,Changing lane to the right,2
18-30,Male,Above high school,Employee,Below 1yr,Two-way (divided with broken lines road marking),Unknown,Asphalt roads,Daylight,Normal,Collision with roadside-parked vehicles,Going straight,,No priority to pedestrian,2
Unknown,Female,Elementary school,Employee,5-10yr,other,Unknown,Asphalt roads,Daylight,Normal,Collision with animals,Going straight,,No priority to vehicle,2
31-50,Male,Elementary school,Employee,5-10yr,Undivided Two way,Unknown,Asphalt roads,Daylight,Normal,Collision with animals,Going straight,,Changing lane to the left,2
Over 51,Male,Junior high school,Employee,5-10yr,One way,Unknown,Asphalt roads,Daylight,Normal,Collision with pedestrians,Going straight,,Changing lane to the left,1
31-50,Male,High school,Employee,5-10yr,Undivided Two way,Unknown,Asphalt roads,Daylight,Normal,Vehicle with vehicle collision,Going straight,,Overtaking,1
Unknown,Male,Junior high school,Employee,5-10yr,Undivided Two way,Unknown,Asphalt roads,Darkness - lights lit,Normal,Vehicle with vehicle collision,Stopping,,No distancing,0
18-30,Male,Junior high school,Employee,2-5yr,One way,Unknown,Asphalt roads,Daylight,Normal,Collision with pedestrians,Turnover,,No priority to vehicle,2
31-50,Male,Writing & reading,Employee,5-10yr,Undivided Two way,Unknown,Asphalt roads,Daylight,Normal,Vehicle with vehicle collision,Getting off,,Changing lane to the right,2
31-50,Male,Junior high school,Employee,Above 10yr,Two-way (divided with broken lines road marking),Unknown,Asphalt roads,Daylight,Normal,Collision with roadside objects,Moving Backward,,Changing lane to the left,2
31-50,Male,Junior high school,Employee,1-2yr,Two-way (divided with broken lines road marking),Unknown,Asphalt roads,Daylight,Normal,Vehicle with vehicle collision,Moving Backward,,No distancing,2
31-50,Male,Writing & reading,Employee,Below 1yr,other,Unknown,Asphalt roads,Daylight,Normal,Vehicle with vehicle collision,Going straight,,Driving carelessly,2
18-30,Male,Elementary school,Employee,1-2yr,Double carriageway (median),Unknown,Asphalt roads,Darkness - lights lit,Normal,Vehicle with vehicle collision,Turnover,,No priority to pedestrian,2
Over 51,Male,Junior high school,Employee,5-10yr,Two-way (divided with broken lines road marking),Unknown,Asphalt roads,Darkness - lights lit,Normal,Rollover,Going straight,,Driving carelessly,2
Under 18,Male,Elementary school,Employee,Above 10yr,Double carriageway (median),Unknown,Other,Daylight,Normal,Vehicle with vehicle collision,Going straight,,Moving Backward,2
31-50,Male,Junior high school,Employee,5-10yr,Double carriageway (median),Unknown,Asphalt roads,Daylight,Normal,Vehicle with vehicle collision,U-Turn,,No distancing,2
31-50,Male,Elementary school,Employee,2-5yr,Double carriageway (median),Unknown,Asphalt roads,Daylight,Normal,Vehicle with vehicle collision,Going straight,,No distancing,2
18-30,Male,Junior high school,Employee,2-5yr,Two-way (divided with broken lines road marking),Unknown,Asphalt roads,Daylight,Normal,Collision with pedestrians,Going straight,,No distancing,2
Over 51,Male,Junior high school,Employee,Above 10yr,Unknown,Unknown,Asphalt roads,Daylight,Normal,Vehicle with vehicle collision,U-Turn,,Changing lane to the left,2
Over 51,Male,Junior high school,Employee,2-5yr,One way,Unknown,Asphalt roads,Daylight,Normal,Collision with roadside objects,Stopping,,Changing lane to the left,2
31-50,Male,Junior high school,Owner,Below 1yr,Undivided Two way,Unknown,Asphalt roads,Daylight,Normal,Vehicle with vehicle collision,Going straight,,Moving Backward,2
Over 51,Male,Junior high school,Employee,2-5yr,Unknown,Unknown,Asphalt roads,Daylight,Normal,Rollover,Moving Backward,,Changing lane to the right,2
31-50,Male,Junior high school,Employee,Above 10yr,Two-way (divided with broken lines road marking),Unknown,Other,Daylight,Normal,Vehicle with vehicle collision,Getting off,,No priority to vehicle,2
Over 51,Male,Junior high school,Employee,2-5yr,Two-way (divided with broken lines road marking),Unknown,Asphalt roads,Daylight,Normal,Vehicle with vehicle collision,Going straight,,Moving Backward,2
Over 51,Male,Elementary school,Employee,Above 10yr,Two-way (divided with broken lines road marking),Unknown,Asphalt roads,Darkness - lights lit,Raining,Vehicle with vehicle collision,Going straight,,Driving carelessly,2
Under 18,Male,Elementary school,Employee,Above 10yr,Two-way (divided with broken lines road marking),Unknown,Asphalt roads,Darkness - lights lit,Raining,Vehicle with vehicle collision,Turnover,,Driving carelessly,2
31-50,Male,Elementary school,Other,Above 10yr,Undivided Two way,Unknown,Asphalt roads,Darkness - lights lit,Raining,Vehicle with vehicle collision,Moving Backward,,Driving under the influence of drugs,2
18-30,Male,Junior high school,Employee,Above 10yr,Undivided Two way,Unknown,Asphalt roads,Darkness - lights lit,Raining,Collision with roadside objects,Going straight,,No priority to pedestrian,2
Unknown,Male,Junior high school,Employee,Below 1yr,Two-way (divided with broken lines road marking),Unknown,Asphalt roads,Daylight,Normal,Vehicle with vehicle collision,Moving Backward,,No priority to vehicle,2
Over 51,Male,Elementary school,Employee,5-10yr,Two-way (divided with broken lines road marking),Unknown,Asphalt roads,Daylight,Normal,Vehicle with vehicle collision,Going straight,,Driving carelessly,2
18-30,Male,Junior high school,Employee,2-5yr,Two-way (divided with broken lines road marking),Unknown,Asphalt roads,Daylight,Normal,Collision with roadside objects,Unknown,,Moving Backward,2
Over 51,Male,Junior high school,Employee,Above 10yr,Undivided Two way,Unknown,Unknown,Daylight,Normal,Collision with roadside objects,Going straight,,Driving carelessly,1
Over 51,Male,Junior high school,Employee,Below 1yr,Double carriageway (median),Unknown,Other,Daylight,Normal,Vehicle with vehicle collision,Unknown,,No priority to vehicle,1
Over 51,Male,Junior high school,Owner,2-5yr,Two-way (divided with broken lines road marking),Unknown,Asphalt roads,Daylight,Normal,Vehicle with vehicle collision,Going straight,,Changing lane to the right,2
Over 51,Male,Junior high school,Employee,Above 10yr,Undivided Two way,Unknown,Asphalt roads,Daylight,Normal,Vehicle with vehicle collision,Unknown,,Changing lane to the left,2
31-50,Male,Writing & reading,Employee,2-5yr,other,Unknown,Asphalt roads,Daylight,Normal,Vehicle with vehicle collision,Going straight,,No priority to vehicle,2
31-50,Male,Junior high school,Employee,2-5yr,Undivided Two way,Unknown,Asphalt roads,Daylight,Normal,Collision with roadside objects,Going straight,,Driving carelessly,2
31-50,Male,High school,Employee,2-5yr,Undivided Two way,Unknown,Asphalt roads with some distress,Daylight,Normal,Vehicle with vehicle collision,Going straight,,Moving Backward,2
18-30,Male,Junior high school,Employee,1-2yr,Undivided Two way,Unknown,Unknown,Daylight,Normal,Vehicle with vehicle collision,Going straight,,No distancing,2
Over 51,Male,High school,Employee,5-10yr,One way,Unknown,Asphalt roads,Daylight,Normal,Vehicle with vehicle collision,Going straight,,Changing lane to the left,2
Over 51,Male,Elementary school,Employee,2-5yr,Undivided Two way,Unknown,Asphalt roads,Daylight,Normal,Vehicle with vehicle collision,Other,,Changing lane to the left,2
31-50,Male,Junior high school,Employee,1-2yr,Undivided Two way,Unknown,Asphalt roads,Daylight,Normal,Vehicle with vehicle collision,Other,,No distancing,2
18-30,Male,Elementary school,Employee,1-2yr,Double carriageway (median),Unknown,Asphalt roads,Daylight,Normal,Vehicle with vehicle collision,Going straight,,Changing lane to the left,2
Over 51,Male,High school,Employee,No Licence,Two-way (divided with solid lines road marking),Unknown,Earth roads,Daylight,Normal,Collision with roadside objects,Going straight,,Driving carelessly,2
Unknown,Male,Junior high school,Owner,5-10yr,other,Unknown,Asphalt roads,Daylight,Normal,Vehicle with vehicle collision,Getting off,,Changing lane to the left,2
18-30,Male,Junior high school,Employee,1-2yr,Undivided Two way,Unknown,Asphalt roads,Darkness - lights lit,Normal,Collision with pedestrians,Going straight,,No distancing,2
18-30,Male,Junior high school,Employee,2-5yr,other,Unknown,Asphalt roads,Darkness - lights lit,Normal,Collision with roadside objects,Going straight,,Changing lane to the right,2
Under 18,Male,Junior high school,Employee,5-10yr,other,Unknown,Asphalt roads,Darkness - lights lit,Normal,Collision with roadside objects,Going straight,,No distancing,2
Under 18,Male,Unknown,Unknown,Unknown,other,Unknown,Asphalt roads,Daylight,Normal,Vehicle with vehicle collision,Going straight,,Driving to the left,2
31-50,Male,Unknown,Unknown,Unknown,other,Unknown,Asphalt roads,Daylight,Normal,Rollover,Going straight,,No distancing,2
18-30,Male,Junior high school,Employee,2-5yr,One way,Unknown,Asphalt roads,Darkness - lights lit,Normal,Vehicle with vehicle collision,Getting off,,Overtaking,2
31-50,Male,Junior high school,Employee,Above 10yr,Two-way (divided with broken lines road marking),Unknown,Asphalt roads,Darkness - lights lit,Normal,Vehicle with vehicle collision,Going straight,,Driving under the influence of drugs,2
31-50,Male,Junior high school,Owner,Above 10yr,other,Unknown,Asphalt roads,Daylight,Normal,Vehicle with vehicle collision,Going straight,,No priority to pedestrian,2
18-30,Male,Unknown,Unknown,Unknown,Undivided Two way,Unknown,Asphalt roads,Daylight,Normal,Vehicle with vehicle collision,Other,,Moving Backward,2
31-50,Male,Elementary school,Owner,Above 10yr,Two-way (divided with broken lines road marking),Unknown,Asphalt roads,Daylight,Normal,Vehicle with vehicle collision,Going straight,,Changing lane to the right,1
31-50,Male,Unknown,Unknown,Unknown,Two-way (divided with broken lines road marking),Unknown,Gravel roads,Daylight,Normal,Vehicle with vehicle collision,Going straight,,Changing lane to the left,2
Over 51,Male,Junior high school,Owner,5-10yr,Two-way (divided with broken lines road marking),Unknown,Asphalt roads,Daylight,Normal,Vehicle with vehicle collision,Going straight,,Changing lane to the right,2
31-50,Male,Junior high school,Owner,Above 10yr,Unknown,Unknown,Asphalt roads,Daylight,Normal,Vehicle with vehicle collision,Going straight,,Driving under the influence of drugs,2
18-30,Male,High school,Owner,Above 10yr,Undivided Two way,Unknown,Asphalt roads,Daylight,Normal,Collision with roadside objects,Going straight,,No priority to vehicle,2
31-50,Male,Unknown,Unknown,Unknown,Two-way (divided with broken lines road marking),Unknown,Asphalt roads,Daylight,Normal,Vehicle with vehicle collision,Reversing,,No priority to vehicle,2
18-30,Female,Elementary school,Employee,5-10yr,Two-way (divided with broken lines road marking),Unknown,Asphalt roads,Daylight,Normal,Vehicle with vehicle collision,Other,,Changing lane to the left,2
31-50,Male,Elementary school,Owner,Above 10yr,Two-way (divided with broken lines road marking),Unknown,Asphalt roads,Daylight,Normal,Vehicle with vehicle collision,Going straight,,Changing lane to the right,2
31-50,Male,Junior high school,Owner,Below 1yr,Two-way (divided with broken lines road marking),Unknown,Asphalt roads,Daylight,Normal,Vehicle with vehicle collision,Going straight,,Changing lane to the right,2
Under 18,Male,Junior high school,Owner,2-5yr,Two-way (divided with broken lines road marking),Unknown,Asphalt roads,Daylight,Normal,Collision with pedestrians,Going straight,,Changing lane to the left,2
Unknown,Male,Junior high school,Owner,2-5yr,Undivided Two way,Unknown,Asphalt roads,Daylight,Normal,Vehicle with vehicle collision,Going straight,,Changing lane to the left,2
18-30,Female,High school,Owner,5-10yr,Two-way (divided with broken lines road marking),Unknown,Asphalt roads,Daylight,Normal,Vehicle with vehicle collision,Going straight,,Getting off the vehicle improperly,2
18-30,Male,Junior high school,Owner,Unknown,Undivided Two way,Unknown,Asphalt roads,Daylight,Normal,Vehicle with vehicle collision,Going straight,,Overtaking,2
18-30,Male,Unknown,Owner,Below 1yr,Undivided Two way,Unknown,Asphalt roads,Daylight,Raining,Vehicle with vehicle collision,Going straight,,Changing lane to the left,2
31-50,Male,Elementary school,Owner,Above 10yr,Undivided Two way,Unknown,Asphalt roads,Daylight,Raining,Vehicle with vehicle collision,Going straight,,Driving under the influence of drugs,2
31-50,Male,Elementary school,Owner,Below 1yr,Undivided Two way,Unknown,Asphalt roads,Daylight,Normal,Vehicle with vehicle collision,Going straight,,Driving carelessly,2
Unknown,Male,Junior high school,Owner,5-10yr,Undivided Two way,Unknown,Asphalt roads,Daylight,Normal,Collision with roadside objects,Moving Backward,,Moving Backward,2
18-30,Male,Junior high school,Owner,5-10yr,Two-way (divided with broken lines road marking),Unknown,Asphalt roads,Daylight,Normal,Vehicle with vehicle collision,Moving Backward,,No distancing,2
Over 51,Male,Unknown,Owner,Unknown,Two-way (divided with broken lines road marking),Unknown,Asphalt roads,Daylight,Normal,Vehicle with vehicle collision,Turnover,,No priority to vehicle,2
31-50,Male,Junior high school,Employee,1-2yr,Two-way (divided with broken lines road marking),Unknown,Asphalt roads,Daylight,Normal,Vehicle with vehicle collision,Other,,Overturning,2
Unknown,Male,High school,Owner,5-10yr,Undivided Two way,Unknown,Asphalt roads,Daylight,Normal,Vehicle with vehicle collision,Other,,Changing lane to the left,2
31-50,Male,Junior high school,Employee,5-10yr,Two-way (divided with broken lines road marking),Unknown,Asphalt roads,Daylight,Normal,Vehicle with vehicle collision,Going straight,,No distancing,2
18-30,Male,Junior high school,Employee,5-10yr,Two-way (divided with broken lines road marking),Unknown,Asphalt roads,Daylight,Normal,Vehicle with vehicle collision,Going straight,,Moving Backward,2
31-50,Male,Junior high school,Employee,5-10yr,Undivided Two way,Unknown,Other,Daylight,Normal,Vehicle with vehicle collision,Other,,No priority to vehicle,2
18-30,Male,Junior high school,Employee,Above 10yr,other,Unknown,Unknown,Daylight,Normal,Vehicle with vehicle collision,Other,,No priority to vehicle,2
Over 51,Female,Junior high school,Employee,5-10yr,other,Unknown,Asphalt roads,Darkness - lights lit,Normal,Rollover,Going straight,,No distancing,2
18-30,Male,Junior high school,Employee,No Licence,Two-way (divided with broken lines road marking),Unknown,Asphalt roads,Darkness - lights lit,Normal,Vehicle with vehicle collision,Reversing,,No distancing,2
Over 51,Male,Above high school,Employee,Below 1yr,Two-way (divided with broken lines road marking),Unknown,Asphalt roads,Daylight,Normal,Vehicle with vehicle collision,Other,,Overtaking,2
31-50,Male,Elementary school,Employee,5-10yr,other,Unknown,Asphalt roads,Daylight,Normal,Vehicle with vehicle collision,Turnover,,Driving under the influence of drugs,2
31-50,Female,Elementary school,Employee,5-10yr,Undivided Two way,Unknown,Asphalt roads,Daylight,Normal,Collision with roadside objects,Going straight,,Changing lane to the right,2
31-50,Male,Junior high school,Employee,5-10yr,other,Unknown,Asphalt roads,Daylight,Normal,Vehicle with vehicle collision,Going straight,,Changing lane to the left,2
31-50,Male,High school,Employee,5-10yr,Two-way (divided with broken lines road marking),Unknown,Asphalt roads,Daylight,Normal,Vehicle with vehicle collision,Going straight,,Driving carelessly,1
Under 18,Male,Junior high school,Employee,5-10yr,Two-way (divided with broken lines road marking),Unknown,Asphalt roads,Daylight,Normal,Vehicle with vehicle collision,Going straight,,Moving Backward,2
18-30,Male,Junior high school,Employee,2-5yr,Two-way (divided with broken lines road marking),Unknown,Asphalt roads,Darkness - lights lit,Normal,Collision with roadside objects,Going straight,,Moving Backward,2
18-30,Male,Writing & reading,Employee,5-10yr,Two-way (divided with broken lines road marking),Unknown,Asphalt roads,Darkness - lights lit,Normal,Vehicle with vehicle collision,Going straight,,Changing lane to the right,2
18-30,Male,Junior high school,Employee,Above 10yr,Two-way (divided with broken lines road marking),Unknown,Asphalt roads,Darkness - lights lit,Normal,Vehicle with vehicle collision,Going straight,,No priority to vehicle,1
18-30,Male,Junior high school,Employee,1-2yr,Undivided Two way,Unknown,Asphalt roads,Darkness - lights lit,Normal,Vehicle with vehicle collision,Going straight,,Driving at high speed,1
18-30,Male,Writing & reading,Employee,Below 1yr,Undivided Two way,Unknown,Other,Daylight,Normal,Vehicle with vehicle collision,Going straight,,Driving under the influence of drugs,2
18-30,Male,Elementary school,Employee,1-2yr,Double carriageway (median),Unknown,Asphalt roads,Daylight,Normal,Collision with roadside objects,Other,,Changing lane to the right,2
18-30,Male,Junior high school,Employee,5-10yr,Two-way (divided with broken lines road marking),Unknown,Asphalt roads,Darkness - lights lit,Normal,Vehicle with vehicle collision,Going straight,,Driving carelessly,2
Under 18,Male,Junior high school,Employee,1-2yr,Unknown,Unknown,Asphalt roads,Darkness - lights lit,Normal,Vehicle with vehicle collision,Going straight,,No distancing,2
18-30,Male,Elementary school,Owner,5-10yr,Undivided Two way,Unknown,Asphalt roads,Darkness - lights lit,Normal,Vehicle with vehicle collision,Moving Backward,,Changing lane to the left,2
31-50,Male,Junior high school,Employee,2-5yr,Two-way (divided with broken lines road marking),Unknown,Asphalt roads,Daylight,Normal,Vehicle with vehicle collision,Going straight,,No distancing,1
31-50,Male,Junior high school,Owner,Below 1yr,Undivided Two way,Unknown,Asphalt roads,Daylight,Normal,Vehicle with vehicle collision,Moving Backward,,No distancing,1
18-30,Female,Writing & reading,Employee,5-10yr,other,Unknown,Asphalt roads,Daylight,Normal,Collision with pedestrians,Other,,Getting off the vehicle improperly,0
18-30,Male,Writing & reading,Employee,5-10yr,Two-way (divided with broken lines road marking),Unknown,Asphalt roads,Daylight,Normal,Vehicle with vehicle collision,Going straight,,Overtaking,0
Unknown,Male,Junior high school,Employee,5-10yr,Double carriageway (median),Unknown,Asphalt roads,Daylight,Normal,Vehicle with vehicle collision,Reversing,,Driving carelessly,2
31-50,Male,Junior high school,Employee,2-5yr,Double carriageway (median),Unknown,Other,Daylight,Normal,Collision with roadside objects,Going straight,,Driving under the influence of drugs,2
31-50,Male,Junior high school,Employee,Above 10yr,Two-way (divided with broken lines road marking),Unknown,Asphalt roads,Daylight,Normal,Vehicle with vehicle collision,Other,,Moving Backward,2
Under 18,Male,Junior high school,Employee,5-10yr,Two-way (divided with broken lines road marking),Unknown,Asphalt roads,Daylight,Normal,Vehicle with vehicle collision,Other,,Overturning,2
Under 18,Male,Junior high school,Employee,Above 10yr,Two-way (divided with broken lines road marking),Unknown,Unknown,Daylight,Normal,Collision with pedestrians,Other,,Driving under the influence of drugs,2
Under 18,Male,Junior high school,Employee,2-5yr,Two-way (divided with broken lines road marking),Unknown,Asphalt roads,Daylight,Normal,Vehicle with vehicle collision,Stopping,,Changing lane to the right,2
31-50,Female,Junior high school,Employee,Below 1yr,Two-way (divided with broken lines road marking),Unknown,Asphalt roads,Daylight,Normal,Vehicle with vehicle collision,Other,,Changing lane to the left,2
Over 51,Male,Junior high school,Employee,Below 1yr,One way,Unknown,Asphalt roads,Darkness - lights lit,Normal,Collision with pedestrians,Other,,No distancing,2
31-50,Male,Junior high school,Owner,5-10yr,Undivided Two way,Unknown,Earth roads,Darkness - lights lit,Normal,Collision with pedestrians,Other,,No distancing,2
31-50,Male,Junior high school,Employee,2-5yr,other,Unknown,Asphalt roads,Darkness - lights lit,Normal,Collision with pedestrians,Going straight,,No priority to vehicle,2
18-30,Male,Elementary school,Employee,Below 1yr,Unknown,Unknown,Asphalt roads,Darkness - lights lit,Normal,Collision with roadside objects,Going straight,,Moving Backward,2
18-30,Male,Junior high school,Employee,2-5yr,Undivided Two way,Unknown,Asphalt roads,Darkness - lights lit,Normal,Vehicle with vehicle collision,Going straight,,Moving Backward,2
Over 51,Male,Junior high school,Employee,5-10yr,other,Unknown,Asphalt roads,Darkness - lights lit,Normal,Vehicle with vehicle collision,Going straight,,Getting off the vehicle improperly,2
18-30,Male,High school,Employee,Above 10yr,other,Unknown,Asphalt roads,Daylight,Normal,Vehicle with vehicle collision,Going straight,,Changing lane to the left,2
31-50,Male,High school,Employee,Above 10yr,other,Unknown,Asphalt roads,Daylight,Normal,Vehicle with vehicle collision,Going straight,,Changing lane to the left,2
31-50,Male,Junior high school,Employee,5-10yr,Unknown,Unknown,Asphalt roads,Daylight,Normal,Vehicle with vehicle collision,Going straight,,No priority to vehicle,2
Over 51,Male,Elementary school,Employee,1-2yr,Undivided Two way,Unknown,Asphalt roads,Darkness - no lighting,Normal,Vehicle with vehicle collision,Going straight,,Changing lane to the right,1
Over 51,Female,Elementary school,Employee,5-10yr,other,Unknown,Asphalt roads,Darkness - no lighting,Normal,Collision with pedestrians,Going straight,,Changing lane to the right,1
18-30,Female,Junior high school,Employee,5-10yr,other,Unknown,Asphalt roads,Darkness - no lighting,Normal,Collision with roadside objects,Going straight,,Driving carelessly,1
31-50,Male,Junior high school,Employee,1-2yr,Undivided Two way,Unknown,Asphalt roads,Darkness - no lighting,Normal,Vehicle with vehicle collision,Going straight,,Changing lane to the left,1
Over 51,Male,Junior high school,Owner,5-10yr,other,Unknown,Asphalt roads,Darkness - lights unlit,Normal,Vehicle with vehicle collision,Reversing,,Changing lane to the right,2
18-30,Female,High school,Owner,Above 10yr,Undivided Two way,Unknown,Asphalt roads,Darkness - lights unlit,Normal,Vehicle with vehicle collision,Going straight,,Driving under the influence of drugs,2
18-30,Female,Unknown,Owner,Below 1yr,Double carriageway (median),Unknown,Asphalt roads,Darkness - lights unlit,Normal,Vehicle with vehicle collision,Other,,Driving carelessly,2
18-30,Male,Writing & reading,Owner,5-10yr,other,Unknown,Asphalt roads,Daylight,Normal,With Train,Unknown,,No distancing,2
31-50,Male,Above high school,Employee,Above 10yr,Undivided Two way,Unknown,Asphalt roads,Daylight,Normal,Vehicle with vehicle collision,Getting off,,No priority to vehicle,2
31-50,Male,High school,Employee,Below 1yr,One way,Unknown,Asphalt roads,Daylight,Normal,Vehicle with vehicle collision,Going straight,,No priority to vehicle,2
31-50,Male,Junior high school,Employee,1-2yr,Undivided Two way,Unknown,Earth roads,Daylight,Normal,Vehicle with vehicle collision,Going straight,,No priority to vehicle,2
31-50,Male,Junior high school,Employee,Above 10yr,other,Unknown,Asphalt roads,Darkness - lights lit,Normal,Vehicle with vehicle collision,Going straight,,Changing lane to the left,2
31-50,Male,Junior high school,Owner,Above 10yr,other,Unknown,Asphalt roads,Darkness - lights lit,Normal,Vehicle with vehicle collision,Going straight,,Moving Backward,2
18-30,Male,Junior high school,Employee,Above 10yr,One way,Unknown,Asphalt roads,Darkness - lights lit,Normal,Vehicle with vehicle collision,Turnover,,Driving carelessly,2
18-30,Male,Junior high school,Employee,No Licence,One way,Unknown,Asphalt roads,Darkness - lights lit,Normal,Vehicle with vehicle collision,Entering a junction,,Driving under the influence of drugs,2
18-30,Male,Junior high school,Employee,1-2yr,Undivided Two way,Unknown,Asphalt roads,Darkness - lights lit,Raining,Vehicle with vehicle collision,Entering a junction,,Changing lane to the right,2
18-30,Male,Illiterate,Owner,1-2yr,other,Unknown,Asphalt roads,Darkness - lights lit,Raining,Vehicle with vehicle collision,Entering a junction,,No priority to vehicle,2
31-50,Male,Junior high school,Owner,Below 1yr,Undivided Two way,Unknown,Asphalt roads,Daylight,Normal,Collision with pedestrians,Entering a junction,,Changing lane to the right,2
18-30,Male,Junior high school,Owner,1-2yr,other,Unknown,Asphalt roads,Daylight,Normal,Collision with roadside objects,Other,,Driving to the left,2
18-30,Male,Junior high school,Owner,2-5yr,other,Unknown,Asphalt roads,Daylight,Normal,Collision with roadside objects,Entering a junction,,Moving Backward,2
Over 51,Male,Unknown,Owner,5-10yr,Double carriageway (median),Unknown,Asphalt roads,Daylight,Normal,Vehicle with vehicle collision,Turnover,,No priority to vehicle,1
31-50,Male,Unknown,Owner,Above 10yr,Undivided Two way,Unknown,Earth roads,Daylight,Normal,Vehicle with vehicle collision,Entering a junction,,No distancing,2
31-50,Male,Junior high school,Owner,2-5yr,other,Unknown,Asphalt roads,Daylight,Normal,Vehicle with vehicle collision,Entering a junction,,Driving carelessly,2
Unknown,Male,Elementary school,Owner,Above 10yr,other,Unknown,Asphalt roads,Daylight,Normal,Vehicle with vehicle collision,Entering a junction,,Changing lane to the left,2
Over 51,Female,Writing & reading,Owner,5-10yr,Two-way (divided with solid lines road marking),Unknown,Asphalt roads,Darkness - lights lit,Normal,Vehicle with vehicle collision,Entering a junction,,No priority to vehicle,2
18-30,Male,Unknown,Owner,Unknown,Undivided Two way,Unknown,Asphalt roads,Darkness - lights lit,Normal,Collision with roadside objects,Entering a junction,,No priority to vehicle,2
31-50,Male,Junior high school,Owner,5-10yr,Undivided Two way,Unknown,Asphalt roads,Darkness - lights lit,Normal,Vehicle with vehicle collision,Other,,No distancing,2
18-30,Male,Junior high school,Owner,Below 1yr,other,Unknown,Asphalt roads,Daylight,Normal,Vehicle with vehicle collision,Going straight,,Driving to the left,2